Date;Europe Brent Spot Price FOB (Dollars per Barrel)
;
Jan 29, 2014;108,83
Jan 30, 2014;109,36
Jan 31, 2014;108,16
Feb 03, 2014;106,55
Feb 04, 2014;107,04
Feb 05, 2014;106,81
Feb 06, 2014;108,15
Feb 07, 2014;110,12
Feb 10, 2014;110,18
Feb 11, 2014;109,21
Feb 12, 2014;108,62
Feb 13, 2014;108,98
Feb 14, 2014;108,63
Feb 18, 2014;110,14
Feb 19, 2014;110,37
Feb 20, 2014;109,42
Feb 21, 2014;109,03
Feb 24, 2014;109,76
Feb 25, 2014;109,19
Feb 26, 2014;109,39
Feb 27, 2014;108,54
Feb 28, 2014;108,98
Mar 03, 2014;111,26
Mar 04, 2014;109,17
Mar 05, 2014;108,15
Mar 06, 2014;107,99
Mar 07, 2014;109,14
Mar 10, 2014;108,27
Mar 11, 2014;108,35
Mar 12, 2014;107,88
Mar 13, 2014;107,48
Mar 14, 2014;108,08
Mar 17, 2014;106,99
Mar 18, 2014;106,79
Mar 19, 2014;105,95
Mar 20, 2014;105,73
Mar 21, 2014;107,2
Mar 24, 2014;106,59
Mar 25, 2014;107,01
Mar 26, 2014;105,9
Mar 27, 2014;106,58
Mar 28, 2014;106,64
Mar 31, 2014;105,95
Apr 01, 2014;105,7
Apr 02, 2014;103,37
Apr 03, 2014;104,88
Apr 04, 2014;106,41
Apr 07, 2014;104,89
Apr 08, 2014;105,83
Apr 09, 2014;107,39
Apr 10, 2014;107,1
Apr 11, 2014;107,34
Apr 14, 2014;107,68
Apr 15, 2014;109,1
Apr 16, 2014;109,71
Apr 17, 2014;109,79
Apr 21, 2014;109,69
Apr 22, 2014;108,54
Apr 23, 2014;108,48
Apr 24, 2014;109,79
Apr 25, 2014;109,53
Apr 28, 2014;109,12
Apr 29, 2014;109,89
Apr 30, 2014;108,63
May 01, 2014;108,63
May 02, 2014;109,48
May 05, 2014;109,48
May 06, 2014;108,3
May 07, 2014;108,17
May 08, 2014;108,19
May 09, 2014;108,26
May 12, 2014;108,37
May 13, 2014;108,78
May 14, 2014;109,87
May 15, 2014;109,74
May 16, 2014;110,9
May 19, 2014;110,84
May 20, 2014;110,35
May 21, 2014;111,32
May 22, 2014;110,89
May 23, 2014;110,19
May 26, 2014;110,01
May 27, 2014;109,81
May 28, 2014;109,09
May 29, 2014;109,98
May 30, 2014;109,21
Jun 02, 2014;109,34
Jun 03, 2014;108,87
Jun 04, 2014;109,07
Jun 05, 2014;108,43
Jun 06, 2014;109,21
Jun 09, 2014;110,55
Jun 10, 2014;109,18
Jun 11, 2014;109,83
Jun 12, 2014;112,18
Jun 13, 2014;113,15
Jun 16, 2014;113,42
Jun 17, 2014;114,02
Jun 18, 2014;114,25
Jun 19, 2014;115,19
Jun 20, 2014;114,55
Jun 23, 2014;113,62
Jun 24, 2014;113,74
Jun 25, 2014;112,84
Jun 26, 2014;112,61
Jun 27, 2014;112,62
Jun 30, 2014;111,03
Jul 01, 2014;110,84
Jul 02, 2014;110,18
Jul 03, 2014;108,98
Jul 07, 2014;108,7
Jul 08, 2014;107,65
Jul 09, 2014;106,84
Jul 10, 2014;106,2
Jul 11, 2014;105,77
Jul 14, 2014;104,73
Jul 15, 2014;104,73
Jul 16, 2014;105,41
Jul 17, 2014;106,04
Jul 18, 2014;106,03
Jul 21, 2014;105,71
Jul 22, 2014;106,48
Jul 23, 2014;106,85
Jul 24, 2014;105,78
Jul 25, 2014;106,89
Jul 28, 2014;106,7
Jul 29, 2014;106,98
Jul 30, 2014;106,47
Jul 31, 2014;104,94
Aug 01, 2014;103,45
Aug 04, 2014;103,63
Aug 05, 2014;102,82
Aug 06, 2014;104,17
Aug 07, 2014;104,02
Aug 08, 2014;103,36
Aug 11, 2014;103,47
Aug 12, 2014;101,68
Aug 13, 2014;102,27
Aug 14, 2014;101,15
Aug 15, 2014;101,13
Aug 18, 2014;99,37
Aug 19, 2014;99,74
Aug 20, 2014;99,92
Aug 21, 2014;100,28
Aug 22, 2014;100,09
Aug 25, 2014;100,49
Aug 26, 2014;100,5
Aug 27, 2014;100,4
Aug 28, 2014;100,71
Aug 29, 2014;101,12
Sep 02, 2014;100,21
Sep 03, 2014;100,88
Sep 04, 2014;101,21
Sep 05, 2014;99,51
Sep 08, 2014;99,53
Sep 09, 2014;98,08
Sep 10, 2014;96,26
Sep 11, 2014;96,42
Sep 12, 2014;96,31
Sep 15, 2014;96,43
Sep 16, 2014;97,39
Sep 17, 2014;97,7
Sep 18, 2014;96,82
Sep 19, 2014;96,75
Sep 22, 2014;95,37
Sep 23, 2014;94,87
Sep 24, 2014;94,53
Sep 25, 2014;95,2
Sep 26, 2014;95,08
Sep 29, 2014;95,7
Sep 30, 2014;94,67
Oct 01, 2014;94,57
Oct 02, 2014;91,29
Oct 03, 2014;90,8
Oct 06, 2014;90,65
Oct 07, 2014;90,9
Oct 08, 2014;90,25
Oct 09, 2014;90,47
Oct 10, 2014;88,66
Oct 13, 2014;87,82
Oct 14, 2014;86,36
Oct 15, 2014;84,02
Oct 16, 2014;84,02
Oct 17, 2014;85,27
Oct 20, 2014;84,42
Oct 21, 2014;85,17
Oct 22, 2014;86,38
Oct 23, 2014;85,94
Oct 24, 2014;86
Oct 27, 2014;85,64
Oct 28, 2014;85,57
Oct 29, 2014;86,91
Oct 30, 2014;85,5
Oct 31, 2014;84,17
Nov 03, 2014;84,9
Nov 04, 2014;82,12
Nov 05, 2014;82,88
Nov 06, 2014;82,08
Nov 07, 2014;83,2
Nov 10, 2014;82,9
Nov 11, 2014;80,94
Nov 12, 2014;80,42
Nov 13, 2014;77,74
Nov 14, 2014;77,51
Nov 17, 2014;76,86
Nov 18, 2014;77,23
Nov 19, 2014;77,21
Nov 20, 2014;77,61
Nov 21, 2014;79,2
Nov 24, 2014;79,62
Nov 25, 2014;77,62
Nov 26, 2014;77,39
Nov 28, 2014;71,89
Dec 01, 2014;70,87
Dec 02, 2014;71,13
Dec 03, 2014;70,13
Dec 04, 2014;68,48
Dec 05, 2014;68
Dec 08, 2014;65,64
Dec 09, 2014;66,11
Dec 10, 2014;63,32
Dec 11, 2014;63,65
Dec 12, 2014;61,67
Dec 15, 2014;61,09
Dec 16, 2014;60,26
Dec 17, 2014;59,84
Dec 18, 2014;58,81
Dec 19, 2014;58,87
Dec 22, 2014;58,31
Dec 23, 2014;59,07
Dec 24, 2014;58,67
Dec 26, 2014;58,72
Dec 29, 2014;57,86
Dec 30, 2014;55,6
Dec 31, 2014;55,27
Jan 02, 2015;55,38
Jan 05, 2015;51,08
Jan 06, 2015;50,12
Jan 07, 2015;49,06
Jan 08, 2015;49,43
Jan 09, 2015;47,64
Jan 12, 2015;46,9
Jan 13, 2015;45,13
Jan 14, 2015;45,82
Jan 15, 2015;47,66
Jan 16, 2015;47,38
Jan 20, 2015;46,49
Jan 21, 2015;46,5
Jan 22, 2015;46,09
Jan 23, 2015;46,69
Jan 26, 2015;46,07
Jan 27, 2015;46,55
Jan 28, 2015;47,07
Jan 29, 2015;46,61
Jan 30, 2015;47,52
Feb 02, 2015;51,74
Feb 03, 2015;54,41
Feb 04, 2015;55,07
Feb 05, 2015;55,98
Feb 06, 2015;55,88
Feb 09, 2015;57
Feb 10, 2015;55,79
Feb 11, 2015;53,48
Feb 12, 2015;56,23
Feb 13, 2015;60,33
Feb 16, 2015;61,57
Feb 17, 2015;60,78
Feb 18, 2015;60,72
Feb 19, 2015;58,78
Feb 20, 2015;60,99
Feb 23, 2015;59,78
Feb 24, 2015;60,33
Feb 25, 2015;59,77
Feb 26, 2015;61,39
Feb 27, 2015;61,89
Mar 02, 2015;60,75
Mar 03, 2015;61,18
Mar 04, 2015;59,18
Mar 05, 2015;60,33
Mar 06, 2015;59,15
Mar 09, 2015;58,67
Mar 10, 2015;55,95
Mar 11, 2015;56,46
Mar 12, 2015;56,66
Mar 13, 2015;54,8
Mar 16, 2015;52
Mar 17, 2015;52,17
Mar 18, 2015;52,59
Mar 19, 2015;52,96
Mar 20, 2015;53,88
Mar 23, 2015;53,82
Mar 24, 2015;53,61
Mar 25, 2015;54,18
Mar 26, 2015;57,02
Mar 27, 2015;56,44
Mar 30, 2015;53,99
Mar 31, 2015;53,69
Apr 01, 2015;55,73
Apr 02, 2015;55,73
Apr 06, 2015;55,73
Apr 07, 2015;57,55
Apr 08, 2015;56,42
Apr 09, 2015;56,04
Apr 10, 2015;56,82
Apr 13, 2015;57,14
Apr 14, 2015;57,69
Apr 15, 2015;59,32
Apr 16, 2015;60,13
Apr 17, 2015;61,31
Apr 20, 2015;61,2
Apr 21, 2015;60,12
Apr 22, 2015;60,12
Apr 23, 2015;62,66
Apr 24, 2015;62,96
Apr 27, 2015;62,86
Apr 28, 2015;62,61
Apr 29, 2015;63,97
Apr 30, 2015;63,9
May 01, 2015;64,13
May 04, 2015;64,62
May 05, 2015;65,44
May 06, 2015;66,22
May 07, 2015;64,93
May 08, 2015;63,82
May 11, 2015;62,82
May 12, 2015;65,09
May 13, 2015;66,33
May 14, 2015;65,58
May 15, 2015;64,69
May 18, 2015;65,15
May 19, 2015;63,48
May 20, 2015;63,52
May 21, 2015;64,7
May 22, 2015;64,7
May 26, 2015;61,65
May 27, 2015;61,35
May 28, 2015;60,12
May 29, 2015;63,16
Jun 01, 2015;62,87
Jun 02, 2015;63,14
Jun 03, 2015;62,78
Jun 04, 2015;60,34
Jun 05, 2015;60,36
Jun 08, 2015;61,33
Jun 09, 2015;63,23
Jun 10, 2015;64,68
Jun 11, 2015;63,76
Jun 12, 2015;63,19
Jun 15, 2015;60,99
Jun 16, 2015;60,75
Jun 17, 2015;60,75
Jun 18, 2015;61,37
Jun 19, 2015;59,41
Jun 22, 2015;60,54
Jun 23, 2015;61,67
Jun 24, 2015;61,63
Jun 25, 2015;60,24
Jun 26, 2015;60,14
Jun 29, 2015;59,03
Jun 30, 2015;60,31
Jul 01, 2015;61,65
Jul 02, 2015;61,73
Jul 03, 2015;59,06
Jul 06, 2015;57,19
Jul 07, 2015;54,72
Jul 08, 2015;55,7
Jul 09, 2015;57,83
Jul 10, 2015;57,72
Jul 13, 2015;57,63
Jul 14, 2015;57,2
Jul 15, 2015;57,34
Jul 16, 2015;57,31
Jul 17, 2015;56,38
Jul 20, 2015;56,42
Jul 21, 2015;55,94
Jul 22, 2015;56,36
Jul 23, 2015;55,76
Jul 24, 2015;54,29
Jul 27, 2015;54,07
Jul 28, 2015;54,3
Jul 29, 2015;54,73
Jul 30, 2015;54,29
Jul 31, 2015;53,29
Aug 03, 2015;49,49
Aug 04, 2015;49,08
Aug 05, 2015;49,04
Aug 06, 2015;47,8
Aug 07, 2015;47,54
Aug 10, 2015;48,3
Aug 11, 2015;47,33
Aug 12, 2015;48,29
Aug 13, 2015;48,01
Aug 14, 2015;47,79
Aug 17, 2015;47,77
Aug 18, 2015;47
Aug 19, 2015;45,75
Aug 20, 2015;45,63
Aug 21, 2015;43,84
Aug 24, 2015;41,59
Aug 25, 2015;41,86
Aug 26, 2015;41,76
Aug 27, 2015;44,46
Aug 28, 2015;47,97
Sep 01, 2015;48,8
Sep 02, 2015;47,67
Sep 03, 2015;50,41
Sep 04, 2015;48,59
Sep 07, 2015;46,42
Sep 08, 2015;48,88
Sep 09, 2015;48,04
Sep 10, 2015;47,77
Sep 11, 2015;46,87
Sep 14, 2015;45,87
Sep 15, 2015;45,91
Sep 16, 2015;49,35
Sep 17, 2015;48,27
Sep 18, 2015;47,28
Sep 21, 2015;47,64
Sep 22, 2015;46,69
Sep 23, 2015;48
Sep 24, 2015;47,06
Sep 25, 2015;47,28
Sep 28, 2015;46,04
Sep 29, 2015;47,58
Sep 30, 2015;47,29
Oct 01, 2015;47,48
Oct 02, 2015;46,55
Oct 05, 2015;49,45
Oct 06, 2015;51,34
Oct 07, 2015;51,66
Oct 08, 2015;52,13
Oct 09, 2015;52,08
Oct 12, 2015;50,95
Oct 13, 2015;48,94
Oct 14, 2015;48,25
Oct 15, 2015;47,87
Oct 16, 2015;48,96
Oct 19, 2015;47,51
Oct 20, 2015;46,93
Oct 21, 2015;46,72
Oct 22, 2015;46,59
Oct 23, 2015;46,3
Oct 26, 2015;46,57
Oct 27, 2015;45,54
Oct 28, 2015;47,6
Oct 29, 2015;48,04
Oct 30, 2015;48
Nov 02, 2015;47,91
Nov 03, 2015;48
Nov 04, 2015;46,96
Nov 05, 2015;47,19
Nov 06, 2015;46,09
Nov 09, 2015;45,38
Nov 10, 2015;46,44
Nov 11, 2015;44,98
Nov 12, 2015;44,98
Nov 13, 2015;41,98
Nov 16, 2015;40,28
Nov 17, 2015;41,28
Nov 18, 2015;41,45
Nov 19, 2015;42,22
Nov 20, 2015;42,49
Nov 23, 2015;43,7
Nov 24, 2015;44,38
Nov 25, 2015;43,56
Nov 26, 2015;43,55
Nov 27, 2015;43,07
Nov 30, 2015;43,73
Dec 01, 2015;42,97
Dec 02, 2015;41,92
Dec 03, 2015;42
Dec 04, 2015;41,44
Dec 07, 2015;39,69
Dec 08, 2015;39,44
Dec 09, 2015;39,04
Dec 10, 2015;38,65
Dec 11, 2015;36,99
Dec 14, 2015;36,51
Dec 15, 2015;37,66
Dec 16, 2015;36,96
Dec 17, 2015;36,29
Dec 18, 2015;36,76
Dec 21, 2015;35,34
Dec 22, 2015;35,26
Dec 23, 2015;35,79
Dec 24, 2015;37,22
Dec 28, 2015;37,08
Dec 29, 2015;36,85
Dec 30, 2015;35,65
Dec 31, 2015;36,61
Jan 04, 2016;36,28
Jan 05, 2016;35,56
Jan 06, 2016;33,89
Jan 07, 2016;33,57
Jan 08, 2016;31,67
Jan 11, 2016;30,14
Jan 12, 2016;29,14
Jan 13, 2016;28,58
Jan 14, 2016;28,84
Jan 15, 2016;28,8
Jan 18, 2016;27,36
Jan 19, 2016;27,36
Jan 20, 2016;26,01
Jan 21, 2016;27,59
Jan 22, 2016;30,46
Jan 25, 2016;29,82
Jan 26, 2016;30,94
Jan 27, 2016;31,83
Jan 28, 2016;33,01
Jan 29, 2016;33,14
Feb 01, 2016;32,45
Feb 02, 2016;30,98
Feb 03, 2016;32,38
Feb 04, 2016;32,76
Feb 05, 2016;32,35
Feb 08, 2016;31,64
Feb 09, 2016;30,15
Feb 10, 2016;29,64
Feb 11, 2016;28,82
Feb 12, 2016;31,8
Feb 16, 2016;31,09
Feb 17, 2016;33,21
Feb 18, 2016;33,2
Feb 19, 2016;31,66
Feb 22, 2016;33,59
Feb 23, 2016;31,9
Feb 24, 2016;31,5
Feb 25, 2016;32,83
Feb 26, 2016;35,76
Feb 29, 2016;35,92
Mar 01, 2016;35,73
Mar 02, 2016;36,38
Mar 03, 2016;35,75
Mar 04, 2016;37,61
Mar 07, 2016;39,02
Mar 08, 2016;39,16
Mar 09, 2016;40,26
Mar 10, 2016;38,63
Mar 11, 2016;39,41
Mar 14, 2016;38,06
Mar 15, 2016;37,49
Mar 16, 2016;38,38
Mar 17, 2016;39,29
Mar 18, 2016;39,26
Mar 21, 2016;39,91
Mar 22, 2016;40,54
Mar 23, 2016;38,84
Mar 24, 2016;38,33
Mar 28, 2016;38,33
Mar 29, 2016;36,75
Mar 30, 2016;36,75
Mar 31, 2016;36,75
Apr 01, 2016;36,42
Apr 04, 2016;36,05
Apr 05, 2016;35,88
Apr 06, 2016;37,77
Apr 07, 2016;37,15
Apr 08, 2016;40,71
Apr 11, 2016;41,58
Apr 12, 2016;43,02
Apr 13, 2016;42,81
Apr 14, 2016;43,02
Apr 15, 2016;41,32
Apr 18, 2016;41,64
Apr 19, 2016;43,02
Apr 20, 2016;43,09
Apr 21, 2016;43,48
Apr 22, 2016;43,97
Apr 25, 2016;42,97
Apr 26, 2016;43,94
Apr 27, 2016;44,17
Apr 28, 2016;45,6
Apr 29, 2016;45,64
May 02, 2016;45,82
May 03, 2016;43,09
May 04, 2016;43,08
May 05, 2016;44,39
May 06, 2016;44,6
May 09, 2016;42,43
May 10, 2016;44,01
May 11, 2016;46,08
May 12, 2016;46,43
May 13, 2016;47,05
May 16, 2016;48,49
May 17, 2016;48,71
May 18, 2016;48,93
May 19, 2016;47,01
May 20, 2016;48,54
May 23, 2016;47,77
May 24, 2016;48,42
May 25, 2016;48,87
May 26, 2016;49,52
May 27, 2016;49,09
May 31, 2016;49,26
Jun 01, 2016;48,81
Jun 02, 2016;49,05
Jun 03, 2016;48,5
Jun 06, 2016;48,94
Jun 07, 2016;49,76
Jun 08, 2016;50,73
Jun 09, 2016;50,59
Jun 10, 2016;49,7
Jun 13, 2016;49,36
Jun 14, 2016;47,88
Jun 15, 2016;47,47
Jun 16, 2016;45,66
Jun 17, 2016;46,57
Jun 20, 2016;48,68
Jun 21, 2016;48,18
Jun 22, 2016;48,43
Jun 23, 2016;48,63
Jun 24, 2016;46,69
Jun 27, 2016;45,07
Jun 28, 2016;46,29
Jun 29, 2016;48,4
Jun 30, 2016;48,05
Jul 01, 2016;47,65
Jul 04, 2016;48,02
Jul 05, 2016;45,64
Jul 06, 2016;45,7
Jul 07, 2016;45,93
Jul 08, 2016;44,53
Jul 11, 2016;44,04
Jul 12, 2016;46,72
Jul 13, 2016;44,67
Jul 14, 2016;46,01
Jul 15, 2016;46,25
Jul 18, 2016;45,35
Jul 19, 2016;45,7
Jul 20, 2016;45,82
Jul 21, 2016;44,99
Jul 22, 2016;44,24
Jul 25, 2016;43,76
Jul 26, 2016;43,56
Jul 27, 2016;42,78
Jul 28, 2016;41,87
Jul 29, 2016;40,76
Aug 01, 2016;40,17
Aug 02, 2016;40
Aug 03, 2016;40,45
Aug 04, 2016;41,33
Aug 05, 2016;42,47
Aug 08, 2016;43,24
Aug 09, 2016;43,37
Aug 10, 2016;42,19
Aug 11, 2016;44,23
Aug 12, 2016;45,12
Aug 15, 2016;47,31
Aug 16, 2016;48,27
Aug 17, 2016;48,58
Aug 18, 2016;49,46
Aug 19, 2016;49,39
Aug 22, 2016;48,1
Aug 23, 2016;48,7
Aug 24, 2016;47,56
Aug 25, 2016;49,25
Aug 26, 2016;49,66
Aug 29, 2016;49,66
Aug 30, 2016;47,94
Aug 31, 2016;47,94
Sep 01, 2016;45,05
Sep 02, 2016;45,96
Sep 05, 2016;46,72
Sep 06, 2016;46,21
Sep 07, 2016;47
Sep 08, 2016;49,23
Sep 09, 2016;48,37
Sep 12, 2016;47,82
Sep 13, 2016;46,48
Sep 14, 2016;45,65
Sep 15, 2016;45,83
Sep 16, 2016;45,26
Sep 19, 2016;46,04
Sep 20, 2016;45,24
Sep 21, 2016;45,99
Sep 22, 2016;47,21
Sep 23, 2016;46,71
Sep 26, 2016;46,61
Sep 27, 2016;44,95
Sep 28, 2016;45,49
Sep 29, 2016;48,43
Sep 30, 2016;48,24
Oct 03, 2016;48,61
Oct 04, 2016;48,81
Oct 05, 2016;49,57
Oct 06, 2016;50,14
Oct 07, 2016;50,49
Oct 10, 2016;51,54
Oct 11, 2016;50,48
Oct 12, 2016;49,53
Oct 13, 2016;49,29
Oct 14, 2016;48,87
Oct 17, 2016;49,31
Oct 18, 2016;49,81
Oct 19, 2016;51,85
Oct 20, 2016;50,42
Oct 21, 2016;50,28
Oct 24, 2016;49,8
Oct 25, 2016;49,08
Oct 26, 2016;48,98
Oct 27, 2016;49,13
Oct 28, 2016;47,78
Oct 31, 2016;46,2
Nov 01, 2016;45,77
Nov 02, 2016;44,26
Nov 03, 2016;43,84
Nov 04, 2016;43,06
Nov 07, 2016;42,83
Nov 08, 2016;43,47
Nov 09, 2016;43,88
Nov 10, 2016;43,67
Nov 11, 2016;41,61
Nov 14, 2016;41,83
Nov 15, 2016;44,15
Nov 16, 2016;45,07
Nov 17, 2016;44,57
Nov 18, 2016;44,41
Nov 21, 2016;45,96
Nov 22, 2016;46,1
Nov 23, 2016;46,54
Nov 24, 2016;47,54
Nov 25, 2016;46,32
Nov 28, 2016;46,64
Nov 29, 2016;44,68
Nov 30, 2016;47,95
Dec 01, 2016;52,28
Dec 02, 2016;52,35
Dec 05, 2016;53,3
Dec 06, 2016;52,31
Dec 07, 2016;51,9
Dec 08, 2016;51,6
Dec 09, 2016;52,19
Dec 12, 2016;53,99
Dec 13, 2016;53,28
Dec 14, 2016;53,15
Dec 15, 2016;51,72
Dec 16, 2016;54,15
Dec 19, 2016;53,53
Dec 20, 2016;54,56
Dec 21, 2016;53,01
Dec 22, 2016;54,04
Dec 23, 2016;53,93
Dec 28, 2016;54,95
Dec 29, 2016;54,97
Dec 30, 2016;54,96
Jan 03, 2017;55,05
Jan 04, 2017;54,57
Jan 05, 2017;54,99
Jan 06, 2017;55,9
Jan 09, 2017;54,39
Jan 10, 2017;53,2
Jan 11, 2017;53,61
Jan 12, 2017;54,51
Jan 13, 2017;54,37
Jan 16, 2017;54,3
Jan 17, 2017;54,68
Jan 18, 2017;53,77
Jan 19, 2017;53,18
Jan 20, 2017;55,04
Jan 23, 2017;54,8
Jan 24, 2017;54,7
Jan 25, 2017;54,34
Jan 26, 2017;55,89
Jan 27, 2017;54,8
Jan 30, 2017;54,77
Jan 31, 2017;55,25
Feb 01, 2017;55,79
Feb 02, 2017;55,94
Feb 03, 2017;55,92
Feb 06, 2017;55,02
Feb 07, 2017;53,79
Feb 08, 2017;54,42
Feb 09, 2017;53,98
Feb 10, 2017;55,2
Feb 13, 2017;54,15
Feb 14, 2017;54,96
Feb 15, 2017;54,57
Feb 16, 2017;54,16
Feb 17, 2017;54,48
Feb 20, 2017;55,25
Feb 21, 2017;56,34
Feb 22, 2017;54,9
Feb 23, 2017;55,82
Feb 24, 2017;54,69
Feb 27, 2017;54,65
Feb 28, 2017;53,36
Mar 01, 2017;55,72
Mar 02, 2017;54,16
Mar 03, 2017;54,12
Mar 06, 2017;54,73
Mar 07, 2017;54,61
Mar 08, 2017;53,3
Mar 09, 2017;50,65
Mar 10, 2017;50,63
Mar 13, 2017;50,1
Mar 14, 2017;49,6
Mar 15, 2017;50,63
Mar 16, 2017;50,56
Mar 17, 2017;50,58
Mar 20, 2017;50,67
Mar 21, 2017;50,14
Mar 22, 2017;49,56
Mar 23, 2017;50,17
Mar 24, 2017;49,97
Mar 27, 2017;50,12
Mar 28, 2017;50,72
Mar 29, 2017;51,36
Mar 30, 2017;52,25
Mar 31, 2017;52,2
Apr 03, 2017;52,04
Apr 04, 2017;53,08
Apr 05, 2017;53,41
Apr 06, 2017;53,62
Apr 07, 2017;54,24
Apr 10, 2017;54,79
Apr 11, 2017;54,73
Apr 12, 2017;54,75
Apr 13, 2017;55,05
Apr 17, 2017;54,79
Apr 18, 2017;52,6
Apr 19, 2017;52,43
Apr 20, 2017;50,66
Apr 21, 2017;49,93
Apr 24, 2017;49,45
Apr 25, 2017;49,37
Apr 26, 2017;49,99
Apr 27, 2017;49,46
Apr 28, 2017;49,46
May 01, 2017;50,41
May 02, 2017;49,31
May 03, 2017;48,82
May 04, 2017;47,53
May 05, 2017;47,45
May 08, 2017;46,61
May 09, 2017;47,06
May 10, 2017;48,09
May 11, 2017;49,18
May 12, 2017;49,08
May 15, 2017;51,29
May 16, 2017;51,21
May 17, 2017;51,76
May 18, 2017;51,71
May 19, 2017;52,78
May 22, 2017;53,35
May 23, 2017;53,19
May 24, 2017;53,29
May 25, 2017;52,25
May 26, 2017;50,84
May 29, 2017;52,25
May 30, 2017;50,65
May 31, 2017;49,4
Jun 01, 2017;50,41
Jun 02, 2017;48,46
Jun 05, 2017;48,25
Jun 06, 2017;48,11
Jun 07, 2017;47,08
Jun 08, 2017;46,3
Jun 09, 2017;46,64
Jun 12, 2017;47,18
Jun 13, 2017;46,95
Jun 14, 2017;45,47
Jun 15, 2017;45,61
Jun 16, 2017;45,7
Jun 19, 2017;45,93
Jun 20, 2017;43,98
Jun 21, 2017;44,62
Jun 22, 2017;44,46
Jun 23, 2017;44,14
Jun 26, 2017;44,09
Jun 27, 2017;46,17
Jun 28, 2017;46,45
Jun 29, 2017;47,02
Jun 30, 2017;47,08
Jul 03, 2017;49,13
Jul 04, 2017;49,15
Jul 05, 2017;47,58
Jul 06, 2017;48,53
Jul 07, 2017;46,47
Jul 10, 2017;46,57
Jul 11, 2017;46,68
Jul 12, 2017;46,73
Jul 13, 2017;47,65
Jul 14, 2017;47,89
Jul 17, 2017;47,66
Jul 18, 2017;47,92
Jul 19, 2017;48,34
Jul 20, 2017;48,54
Jul 21, 2017;47,47
Jul 24, 2017;47,81
Jul 25, 2017;49,19
Jul 26, 2017;50,08
Jul 27, 2017;50,67
Jul 28, 2017;52
Jul 31, 2017;51,99
Aug 01, 2017;50,77
Aug 02, 2017;52,09
Aug 03, 2017;52,88
Aug 04, 2017;52,48
Aug 07, 2017;51,42
Aug 08, 2017;52,18
Aug 09, 2017;52,16
Aug 10, 2017;52,59
Aug 11, 2017;51,47
Aug 14, 2017;51,29
Aug 15, 2017;49,9
Aug 16, 2017;50,39
Aug 17, 2017;50,37
Aug 18, 2017;50,96
Aug 21, 2017;51,94
Aug 22, 2017;52,29
Aug 23, 2017;52,31
Aug 24, 2017;51,73
Aug 25, 2017;51,87
Aug 28, 2017;51,87
Aug 29, 2017;51,64
Aug 30, 2017;51,91
Aug 31, 2017;52,69
Sep 01, 2017;53,15
Sep 04, 2017;52,6
Sep 05, 2017;53,63
Sep 06, 2017;54,48
Sep 07, 2017;54,16
Sep 08, 2017;54,55
Sep 11, 2017;54,2
Sep 12, 2017;55,06
Sep 13, 2017;55,52
Sep 14, 2017;56,76
Sep 15, 2017;56,18
Sep 18, 2017;55,5
Sep 19, 2017;56,58
Sep 20, 2017;57,2
Sep 21, 2017;57,73
Sep 22, 2017;58,16
Sep 25, 2017;59,42
Sep 26, 2017;59,77
Sep 27, 2017;58,74
Sep 28, 2017;58,8
Sep 29, 2017;57,02
Oct 02, 2017;55,67
Oct 03, 2017;56,12
Oct 04, 2017;56
Oct 05, 2017;57,09
Oct 06, 2017;55,5
Oct 09, 2017;55,29
Oct 10, 2017;56,62
Oct 11, 2017;56,13
Oct 12, 2017;56,13
Oct 13, 2017;56,86
Oct 16, 2017;57,49
Oct 17, 2017;57,63
Oct 18, 2017;58,05
Oct 19, 2017;57,82
Oct 20, 2017;57,89
Oct 23, 2017;57,69
Oct 24, 2017;57,84
Oct 25, 2017;58,45
Oct 26, 2017;58,75
Oct 27, 2017;60,15
Oct 30, 2017;60,65
Oct 31, 2017;61,35
Nov 01, 2017;60,98
Nov 02, 2017;60,79
Nov 03, 2017;61,42
Nov 06, 2017;64,27
Nov 07, 2017;64,36
Nov 08, 2017;63,96
Nov 09, 2017;64,49
Nov 10, 2017;64,35
Nov 13, 2017;62,94
Nov 14, 2017;60,91
Nov 15, 2017;61,25
Nov 16, 2017;61,18
Nov 17, 2017;61,34
Nov 20, 2017;61,34
Nov 21, 2017;62,28
Nov 22, 2017;62,92
Nov 23, 2017;63,27
Nov 24, 2017;63,58
Nov 27, 2017;63,25
Nov 28, 2017;63,56
Nov 29, 2017;63,74
Nov 30, 2017;63,53
Dec 01, 2017;64,57
Dec 04, 2017;63,45
Dec 05, 2017;63,45
Dec 06, 2017;62,25
Dec 07, 2017;62,37
Dec 08, 2017;63,86
Dec 11, 2017;65,62
Dec 12, 2017;64,96
Dec 13, 2017;63,66
Dec 14, 2017;63,72
Dec 15, 2017;63,81
Dec 18, 2017;64,45
Dec 19, 2017;63,69
Dec 20, 2017;64,43
Dec 21, 2017;64,64
Dec 22, 2017;64,61
Dec 27, 2017;66,03
Dec 28, 2017;66,8
Dec 29, 2017;66,73
Jan 02, 2018;66,65
Jan 03, 2018;67,85
Jan 04, 2018;68,73
Jan 05, 2018;68,01
Jan 08, 2018;68,48
Jan 09, 2018;69,08
Jan 10, 2018;69,79
Jan 11, 2018;70,36
Jan 12, 2018;69,64
Jan 15, 2018;70,31
Jan 16, 2018;69,4
Jan 17, 2018;69,19
Jan 18, 2018;69,48
Jan 19, 2018;68,56
Jan 22, 2018;69,32
Jan 23, 2018;69,81
Jan 24, 2018;69,91
Jan 25, 2018;71,08
Jan 26, 2018;70,08
Jan 29, 2018;68,41
Jan 30, 2018;67,78
Jan 31, 2018;67,78
Feb 01, 2018;68,6
Feb 02, 2018;67,45
Feb 05, 2018;67,69
Feb 06, 2018;66,75
Feb 07, 2018;65,74
Feb 08, 2018;64,26
Feb 09, 2018;63,04
Feb 12, 2018;62,2
Feb 13, 2018;61,94
Feb 14, 2018;62,29
Feb 15, 2018;62,86
Feb 16, 2018;64,3
Feb 19, 2018;64,95
Feb 20, 2018;64,68
Feb 21, 2018;64,81
Feb 22, 2018;66,12
Feb 23, 2018;67,04
Feb 26, 2018;67,96
Feb 27, 2018;67,59
Feb 28, 2018;66,08
Mar 01, 2018;64,23
Mar 02, 2018;64,26
Mar 05, 2018;65,78
Mar 06, 2018;65,67
Mar 07, 2018;65,09
Mar 08, 2018;63,87
Mar 09, 2018;65,19
Mar 12, 2018;64,53
Mar 13, 2018;64,2
Mar 14, 2018;63,61
Mar 15, 2018;63,67
Mar 16, 2018;64,68
Mar 19, 2018;64,82
Mar 20, 2018;66
Mar 21, 2018;68,15
Mar 22, 2018;68,98
Mar 23, 2018;69,03
Mar 26, 2018;68,81
Mar 27, 2018;68,63
Mar 28, 2018;68,13
Mar 29, 2018;69,02
Apr 03, 2018;69,02
Apr 04, 2018;66,04
Apr 05, 2018;66,54
Apr 06, 2018;66,51
Apr 09, 2018;68,19
Apr 10, 2018;70,67
Apr 11, 2018;72,74
Apr 12, 2018;71,44
Apr 13, 2018;73,18
Apr 16, 2018;72,05
Apr 17, 2018;71,71
Apr 18, 2018;73,73
Apr 19, 2018;74,85
Apr 20, 2018;74,62
Apr 23, 2018;74,54
Apr 24, 2018;75,86
Apr 25, 2018;73,79
Apr 26, 2018;75,39
Apr 27, 2018;75,33
Apr 30, 2018;75,92
May 01, 2018;74,85
May 02, 2018;73,14
May 03, 2018;73,45
May 04, 2018;74,75
May 08, 2018;74,16
May 09, 2018;77,6
May 10, 2018;77,59
May 11, 2018;77,37
May 14, 2018;78,17
May 15, 2018;78,94
May 16, 2018;78,19
May 17, 2018;80,09
May 18, 2018;78,38
May 21, 2018;78,34
May 22, 2018;80,42
May 23, 2018;78,69
May 24, 2018;78,9
May 25, 2018;76,6
May 29, 2018;74,51
May 30, 2018;75,89
May 31, 2018;76,45
Jun 01, 2018;74,54
Jun 04, 2018;73,41
Jun 05, 2018;72,91
Jun 06, 2018;73,23
Jun 07, 2018;75,23
Jun 08, 2018;75,11
Jun 11, 2018;74,58
Jun 12, 2018;74,86
Jun 13, 2018;75,07
Jun 14, 2018;74,77
Jun 15, 2018;72,02
Jun 18, 2018;74,87
Jun 19, 2018;74,92
Jun 20, 2018;74,25
Jun 21, 2018;72,87
Jun 22, 2018;73,67
Jun 25, 2018;72,82
Jun 26, 2018;73,58
Jun 27, 2018;76,09
Jun 28, 2018;76,26
Jun 29, 2018;77,44
Jul 02, 2018;76,71
Jul 03, 2018;75,87
Jul 04, 2018;76,99
Jul 05, 2018;77,09
Jul 06, 2018;74,98
Jul 09, 2018;77,08
Jul 10, 2018;77,8
Jul 11, 2018;75,35
Jul 12, 2018;72,11
Jul 13, 2018;74,11
Jul 16, 2018;71,03
Jul 17, 2018;70,87
Jul 18, 2018;70,52
Jul 19, 2018;71,94
Jul 20, 2018;71,99
Jul 23, 2018;73,45
Jul 24, 2018;73,53
Jul 25, 2018;73,67
Jul 26, 2018;74,51
Jul 27, 2018;74,84
Jul 30, 2018;74,99
Jul 31, 2018;74,16
Aug 01, 2018;72,28
Aug 02, 2018;72,95
Aug 03, 2018;72,48
Aug 06, 2018;72,51
Aug 07, 2018;72,31
Aug 08, 2018;70,71
Aug 09, 2018;70,55
Aug 10, 2018;71
Aug 13, 2018;70,62
Aug 14, 2018;70,77
Aug 15, 2018;68,38
Aug 16, 2018;69,21
Aug 17, 2018;70,14
Aug 20, 2018;71,11
Aug 21, 2018;71,65
Aug 22, 2018;72,96
Aug 23, 2018;73,73
Aug 24, 2018;74,41
Aug 27, 2018;74,41
Aug 28, 2018;75,91
Aug 29, 2018;76,07
Aug 30, 2018;77,05
Aug 31, 2018;76,94
Sep 03, 2018;77,81
Sep 04, 2018;77,51
Sep 05, 2018;76,68
Sep 06, 2018;75,67
Sep 07, 2018;75,55
Sep 10, 2018;76,77
Sep 11, 2018;78,22
Sep 12, 2018;80,02
Sep 13, 2018;77,66
Sep 14, 2018;77,87
Sep 17, 2018;78,22
Sep 18, 2018;79,25
Sep 19, 2018;79,43
Sep 20, 2018;79,03
Sep 21, 2018;78,9
Sep 24, 2018;80,89
Sep 25, 2018;82,21
Sep 26, 2018;81,87
Sep 27, 2018;81,54
Sep 28, 2018;82,72
Oct 01, 2018;84,94
Oct 02, 2018;85,63
Oct 03, 2018;85,45
Oct 04, 2018;86,07
Oct 05, 2018;85,12
Oct 08, 2018;84,22
Oct 09, 2018;85,16
Oct 10, 2018;83,82
Oct 11, 2018;81,35
Oct 12, 2018;80,71
Oct 15, 2018;80,91
Oct 16, 2018;80,53
Oct 17, 2018;79,91
Oct 18, 2018;80,3
Oct 19, 2018;80,38
Oct 22, 2018;80,45
Oct 23, 2018;78,67
Oct 24, 2018;77,34
Oct 25, 2018;77,3
Oct 26, 2018;77,4
Oct 29, 2018;77,56
Oct 30, 2018;75,68
Oct 31, 2018;74,84
Nov 01, 2018;71,25
Nov 02, 2018;71,11
Nov 05, 2018;72,68
Nov 06, 2018;70,64
Nov 07, 2018;70,1
Nov 08, 2018;69,29
Nov 09, 2018;69,01
Nov 12, 2018;69,81
Nov 13, 2018;65,45
Nov 14, 2018;64,88
Nov 15, 2018;65,61
Nov 16, 2018;65,29
Nov 19, 2018;64,14
Nov 20, 2018;61,5
Nov 21, 2018;61,65
Nov 22, 2018;61,11
Nov 23, 2018;57,69
Nov 26, 2018;59,7
Nov 27, 2018;59,58
Nov 28, 2018;57,97
Nov 29, 2018;58,29
Nov 30, 2018;57,71
Dec 03, 2018;60,17
Dec 04, 2018;61,22
Dec 05, 2018;61,4
Dec 06, 2018;57,83
Dec 07, 2018;61,71
Dec 10, 2018;60,29
Dec 11, 2018;59,73
Dec 12, 2018;59,94
Dec 13, 2018;59,03
Dec 14, 2018;58,56
Dec 17, 2018;57,59
Dec 18, 2018;55,26
Dec 19, 2018;55,6
Dec 20, 2018;52,84
Dec 21, 2018;51,93
Dec 27, 2018;51,49
Dec 28, 2018;50,57
Jan 02, 2019;54,06
Jan 03, 2019;53,23
Jan 04, 2019;55,64
Jan 07, 2019;57,1
Jan 08, 2019;56,91
Jan 09, 2019;59,46
Jan 10, 2019;60,47
Jan 11, 2019;59,24
Jan 14, 2019;58,8
Jan 15, 2019;58,65
Jan 16, 2019;59,81
Jan 17, 2019;59,85
Jan 18, 2019;62,04
Jan 21, 2019;62,18
Jan 22, 2019;60,9
Jan 23, 2019;61,05
Jan 24, 2019;61,09
Jan 25, 2019;61,49
Jan 28, 2019;59,71
Jan 29, 2019;60,98
Jan 30, 2019;61,89
Jan 31, 2019;62,46
Feb 01, 2019;61,86
Feb 04, 2019;62,26
Feb 05, 2019;61,67
Feb 06, 2019;62,22
Feb 07, 2019;61,01
Feb 08, 2019;61,37
Feb 11, 2019;61,3
Feb 12, 2019;62,58
Feb 13, 2019;63,27
Feb 14, 2019;64
Feb 15, 2019;65,65
Feb 18, 2019;66,41
Feb 19, 2019;65,86
Feb 20, 2019;66,82
Feb 21, 2019;66,91
Feb 22, 2019;66,91
Feb 25, 2019;64,02
Feb 26, 2019;64,51
Feb 27, 2019;65,55
Feb 28, 2019;65,03
Mar 01, 2019;63,71
Mar 04, 2019;64,44
Mar 05, 2019;64,24
Mar 06, 2019;64,51
Mar 07, 2019;64,82
Mar 08, 2019;65,66
Mar 11, 2019;65,06
Mar 12, 2019;65,33
Mar 13, 2019;65,89
Mar 14, 2019;66,18
Mar 15, 2019;66,11
Mar 18, 2019;66,65
Mar 19, 2019;67,13
Mar 20, 2019;68,35
Mar 21, 2019;68,3
Mar 22, 2019;66,29
Mar 25, 2019;67,37
Mar 26, 2019;67,51
Mar 27, 2019;67,35
Mar 28, 2019;66,08
Mar 29, 2019;67,93
Apr 01, 2019;69,08
Apr 02, 2019;69,68
Apr 03, 2019;69,21
Apr 04, 2019;69,8
Apr 05, 2019;69,93
Apr 08, 2019;71,12
Apr 09, 2019;71,02
Apr 10, 2019;71,63
Apr 11, 2019;71,3
Apr 12, 2019;71,57
Apr 15, 2019;70,9
Apr 16, 2019;70,74
Apr 17, 2019;71,14
Apr 18, 2019;70,71
Apr 22, 2019;70,71
Apr 23, 2019;74,39
Apr 24, 2019;73,59
Apr 25, 2019;74,94
Apr 26, 2019;71,03
Apr 29, 2019;71,22
Apr 30, 2019;72,19
May 01, 2019;72,01
May 02, 2019;70,56
May 03, 2019;71,95
May 06, 2019;71,95
May 07, 2019;70,98
May 08, 2019;71,09
May 09, 2019;70,61
May 10, 2019;71,63
May 13, 2019;72,35
May 14, 2019;72,53
May 15, 2019;73,09
May 16, 2019;74,7
May 17, 2019;73,94
May 20, 2019;73,21
May 21, 2019;72,94
May 22, 2019;71,94
May 23, 2019;68,37
May 24, 2019;67,98
May 28, 2019;70,19
May 29, 2019;70,64
May 30, 2019;69,55
May 31, 2019;66,78
Jun 03, 2019;63,16
Jun 04, 2019;63,56
Jun 05, 2019;62,14
Jun 06, 2019;62,77
Jun 07, 2019;64,1
Jun 10, 2019;64,31
Jun 11, 2019;63,56
Jun 12, 2019;61,66
Jun 13, 2019;63,28
Jun 14, 2019;63,13
Jun 17, 2019;62,56
Jun 18, 2019;63,35
Jun 19, 2019;62,85
Jun 20, 2019;65,44
Jun 21, 2019;65,99
Jun 24, 2019;65,16
Jun 25, 2019;66,24
Jun 26, 2019;66,85
Jun 27, 2019;66,78
Jun 28, 2019;67,52
Jul 01, 2019;65,1
Jul 02, 2019;62,72
Jul 03, 2019;63,53
Jul 04, 2019;63,62
Jul 05, 2019;64,23
Jul 08, 2019;64,89
Jul 09, 2019;64,3
Jul 10, 2019;66,41
Jul 11, 2019;67,64
Jul 12, 2019;66,65
Jul 15, 2019;66,86
Jul 16, 2019;65,87
Jul 17, 2019;63,67
Jul 18, 2019;60,7
Jul 19, 2019;61,04
Jul 22, 2019;61,96
Jul 23, 2019;62,28
Jul 24, 2019;63,83
Jul 25, 2019;63,47
Jul 26, 2019;62,46
Jul 29, 2019;62,29
Jul 30, 2019;62,55
Jul 31, 2019;64,07
Aug 01, 2019;62,9
Aug 02, 2019;61,12
Aug 05, 2019;59,32
Aug 06, 2019;58,63
Aug 07, 2019;55,03
Aug 08, 2019;56,29
Aug 09, 2019;57,37
Aug 12, 2019;57,13
Aug 13, 2019;59,9
Aug 14, 2019;57,86
Aug 15, 2019;57,37
Aug 16, 2019;59
Aug 19, 2019;59,79
Aug 20, 2019;59,03
Aug 21, 2019;60,6
Aug 22, 2019;59,81
Aug 23, 2019;58,64
Aug 26, 2019;58,64
Aug 27, 2019;58,44
Aug 28, 2019;60,42
Aug 29, 2019;60,59
Aug 30, 2019;61,04
Sep 02, 2019;58,55
Sep 03, 2019;57,93
Sep 04, 2019;60,68
Sep 05, 2019;62,7
Sep 06, 2019;61,28
Sep 09, 2019;63,99
Sep 10, 2019;64,67
Sep 11, 2019;63,02
Sep 12, 2019;60,76
Sep 13, 2019;61,25
Sep 16, 2019;68,42
Sep 17, 2019;65,59
Sep 18, 2019;64,29
Sep 19, 2019;64,25
Sep 20, 2019;65,23
Sep 23, 2019;64,66
Sep 24, 2019;64,13
Sep 25, 2019;62,41
Sep 26, 2019;62,08
Sep 27, 2019;62,48
Sep 30, 2019;60,99
Oct 01, 2019;60,06
Oct 02, 2019;57,92
Oct 03, 2019;58,01
Oct 04, 2019;59,13
Oct 07, 2019;59,46
Oct 08, 2019;58,14
Oct 09, 2019;59,7
Oct 10, 2019;59,08
Oct 11, 2019;60,59
Oct 14, 2019;58,81
Oct 15, 2019;59,19
Oct 16, 2019;59,3
Oct 17, 2019;59,35
Oct 18, 2019;59,96
Oct 21, 2019;58,95
Oct 22, 2019;60,5
Oct 23, 2019;60,52
Oct 24, 2019;61,71
Oct 25, 2019;62,06
Oct 28, 2019;60,39
Oct 29, 2019;61,05
Oct 30, 2019;60,22
Oct 31, 2019;59,3
Nov 01, 2019;60,17
Nov 04, 2019;62,52
Nov 05, 2019;62,72
Nov 06, 2019;62,11
Nov 07, 2019;62,6
Nov 08, 2019;62
Nov 11, 2019;62,58
Nov 12, 2019;62,19
Nov 13, 2019;62,27
Nov 14, 2019;62,46
Nov 15, 2019;63,32
Nov 18, 2019;62,82
Nov 19, 2019;62,37
Nov 20, 2019;63,8
Nov 21, 2019;64,99
Nov 22, 2019;64,83
Nov 25, 2019;64,67
Nov 26, 2019;64,82
Nov 27, 2019;65,03
Nov 28, 2019;64,68
Nov 29, 2019;64,5
Dec 02, 2019;63,2
Dec 03, 2019;62,95
Dec 04, 2019;65,25
Dec 05, 2019;65,67
Dec 06, 2019;66,5
Dec 09, 2019;66,44
Dec 10, 2019;66,57
Dec 11, 2019;65,37
Dec 12, 2019;66,67
Dec 13, 2019;67,44
Dec 16, 2019;68,04
Dec 17, 2019;68,99
Dec 18, 2019;69,12
Dec 19, 2019;69,7
Dec 20, 2019;68,66
Dec 23, 2019;67,49
Dec 24, 2019;69,26
Dec 26, 2019;69,26
Dec 27, 2019;68,91
Dec 30, 2019;68,3
Dec 31, 2019;67,77
Jan 02, 2020;67,05
Jan 03, 2020;69,08
Jan 06, 2020;70,25
Jan 07, 2020;68,74
Jan 08, 2020;67,31
Jan 09, 2020;66,58
Jan 10, 2020;66,77
Jan 13, 2020;64,14
Jan 14, 2020;64,45
Jan 15, 2020;63,29
Jan 16, 2020;64,63
Jan 17, 2020;64,05
Jan 20, 2020;64,63
Jan 21, 2020;63,66
Jan 22, 2020;62,11
Jan 23, 2020;61,26
Jan 24, 2020;59,34
Jan 27, 2020;58,54
Jan 28, 2020;59,37
Jan 29, 2020;59,46
Jan 30, 2020;57,72
Jan 31, 2020;57,77
Feb 03, 2020;54
Feb 04, 2020;53,9
Feb 05, 2020;55,36
Feb 06, 2020;55,18
Feb 07, 2020;54,53
Feb 10, 2020;53,39
Feb 11, 2020;54
Feb 12, 2020;55,54
Feb 13, 2020;56,34
Feb 14, 2020;57,37
Feb 17, 2020;57,83
Feb 18, 2020;57,35
Feb 19, 2020;59,72
Feb 20, 2020;59,57
Feb 21, 2020;58,6
Feb 24, 2020;56,71
Feb 25, 2020;55,29
Feb 26, 2020;54,96
Feb 27, 2020;52,19
Feb 28, 2020;51,31
Mar 02, 2020;52,52
Mar 03, 2020;52,24
Mar 04, 2020;51,86
Mar 05, 2020;51,29
Mar 06, 2020;45,6
Mar 09, 2020;35,33
Mar 10, 2020;35,57
Mar 11, 2020;34,45
Mar 12, 2020;31,02
Mar 13, 2020;32,25
Mar 16, 2020;27,98
Mar 17, 2020;27,97
Mar 18, 2020;22,79
Mar 19, 2020;23,98
Mar 20, 2020;25,55
Mar 23, 2020;23,75
Mar 24, 2020;24,5
Mar 25, 2020;25,62
Mar 26, 2020;23,55
Mar 27, 2020;22,39
Mar 30, 2020;19,19
Mar 31, 2020;14,85
Apr 01, 2020;14,97
Apr 02, 2020;20,24
Apr 03, 2020;24,33
Apr 06, 2020;22,58
Apr 07, 2020;22,1
Apr 08, 2020;25,22
Apr 09, 2020;20,23
Apr 14, 2020;21,74
Apr 15, 2020;19,8
Apr 16, 2020;18,69
Apr 17, 2020;19,75
Apr 20, 2020;17,36
Apr 21, 2020;9,12
Apr 22, 2020;13,77
Apr 23, 2020;15,06
Apr 24, 2020;15,87
Apr 27, 2020;15,17
Apr 28, 2020;15,6
Apr 29, 2020;17,86
Apr 30, 2020;18,11
May 01, 2020;18,49
May 04, 2020;20,4
May 05, 2020;25,46
May 06, 2020;24,2
May 07, 2020;24,23
May 11, 2020;25,53
May 12, 2020;26,67
May 13, 2020;27,89
May 14, 2020;29,87
May 15, 2020;30,95
May 18, 2020;33,3
May 19, 2020;33,06
May 20, 2020;34,76
May 21, 2020;34,78
May 22, 2020;33,8
May 26, 2020;33,95
May 27, 2020;32,73
May 28, 2020;33,98
May 29, 2020;34,15
Jun 01, 2020;36,74
Jun 02, 2020;37,72
Jun 03, 2020;37,98
Jun 04, 2020;38,41
Jun 05, 2020;41
Jun 08, 2020;39,66
Jun 09, 2020;40,45
Jun 10, 2020;41,18
Jun 11, 2020;37,76
Jun 12, 2020;38,54
Jun 15, 2020;39,44
Jun 16, 2020;40,75
Jun 17, 2020;40,47
Jun 18, 2020;41,75
Jun 19, 2020;42,33
Jun 22, 2020;43,2
Jun 23, 2020;42,72
Jun 24, 2020;40,4
Jun 25, 2020;41,18
Jun 26, 2020;40,97
Jun 29, 2020;41,58
Jun 30, 2020;41,64
Jul 01, 2020;42,18
Jul 02, 2020;43,19
Jul 03, 2020;42,92
Jul 06, 2020;42,73
Jul 07, 2020;43,28
Jul 08, 2020;43,67
Jul 09, 2020;42,35
Jul 10, 2020;43,27
Jul 13, 2020;42,85
Jul 14, 2020;42,97
Jul 15, 2020;43,96
Jul 16, 2020;43,71
Jul 17, 2020;43,53
Jul 20, 2020;43,3
Jul 21, 2020;44,31
Jul 22, 2020;43,98
Jul 23, 2020;42,96
Jul 24, 2020;43,29
Jul 27, 2020;43,39
Jul 28, 2020;43,11
Jul 29, 2020;43,51
Jul 30, 2020;42,98
Jul 31, 2020;43,13
Aug 03, 2020;43,76
Aug 04, 2020;43,99
Aug 05, 2020;44,92
Aug 06, 2020;45,04
Aug 07, 2020;44,07
Aug 10, 2020;44,19
Aug 11, 2020;43,68
Aug 12, 2020;45,09
Aug 13, 2020;44,87
Aug 14, 2020;44,86
Aug 17, 2020;44,91
Aug 18, 2020;45,34
Aug 19, 2020;45,21
Aug 20, 2020;44,56
Aug 21, 2020;43,94
Aug 24, 2020;44,43
Aug 25, 2020;46,01
Aug 26, 2020;45,79
Aug 27, 2020;44,84
Aug 28, 2020;45,22
Sep 01, 2020;45,72
Sep 02, 2020;42,7
Sep 03, 2020;42,72
Sep 04, 2020;41,1
Sep 07, 2020;40,67
Sep 08, 2020;38,53
Sep 09, 2020;39,98
Sep 10, 2020;39,27
Sep 11, 2020;38,8
Sep 14, 2020;38,57
Sep 15, 2020;39,54
Sep 16, 2020;41,23
Sep 17, 2020;42,35
Sep 18, 2020;42,16
Sep 21, 2020;40,37
Sep 22, 2020;40,84
Sep 23, 2020;41,09
Sep 24, 2020;41,24
Sep 25, 2020;40,91
Sep 28, 2020;41,59
Sep 29, 2020;40,33
Sep 30, 2020;40,3
Oct 01, 2020;39,75
Oct 02, 2020;38
Oct 05, 2020;39,78
Oct 06, 2020;41,27
Oct 07, 2020;40,62
Oct 08, 2020;42
Oct 09, 2020;41,63
Oct 12, 2020;40,5
Oct 13, 2020;41,34
Oct 14, 2020;41,81
Oct 15, 2020;41,61
Oct 16, 2020;41,34
Oct 19, 2020;41,29
Oct 20, 2020;41,62
Oct 21, 2020;40,09
Oct 22, 2020;41,28
Oct 23, 2020;40,71
Oct 26, 2020;39,06
Oct 27, 2020;39,72
Oct 28, 2020;37,86
Oct 29, 2020;36,56
Oct 30, 2020;36,33
Nov 02, 2020;37,78
Nov 03, 2020;38,17
Nov 04, 2020;39,68
Nov 05, 2020;39,47
Nov 06, 2020;38,08
Nov 09, 2020;40,93
Nov 10, 2020;42,25
Nov 11, 2020;42,5
Nov 12, 2020;42,16
Nov 13, 2020;41,51
Nov 16, 2020;42,71
Nov 17, 2020;42,54
Nov 18, 2020;42,91
Nov 19, 2020;43,09
Nov 20, 2020;43,79
Nov 23, 2020;45
Nov 24, 2020;46,63
Nov 25, 2020;47,3
Nov 26, 2020;46,32
Nov 27, 2020;46,88
Nov 30, 2020;46,84
Dec 01, 2020;47,03
Dec 02, 2020;47,8
Dec 03, 2020;48,37
Dec 04, 2020;49,1
Dec 07, 2020;48,63
Dec 08, 2020;48,84
Dec 09, 2020;48,81
Dec 10, 2020;50,33
Dec 11, 2020;50,01
Dec 14, 2020;50,27
Dec 15, 2020;50,77
Dec 16, 2020;50,83
Dec 17, 2020;51,2
Dec 18, 2020;52,17
Dec 21, 2020;50,61
Dec 22, 2020;49,88
Dec 23, 2020;51,05
Dec 24, 2020;50,88
Dec 28, 2020;50,88
Dec 29, 2020;50,44
Dec 30, 2020;50,74
Dec 31, 2020;51,22
Jan 04, 2021;50,37
Jan 05, 2021;53,16
Jan 06, 2021;53,8
Jan 07, 2021;53,7
Jan 08, 2021;55,51
Jan 11, 2021;54,84
Jan 12, 2021;55,98
Jan 13, 2021;55,52
Jan 14, 2021;55,76
Jan 15, 2021;54,8
Jan 18, 2021;54,21
Jan 19, 2021;55,38
Jan 20, 2021;55,66
Jan 21, 2021;55,68
Jan 22, 2021;55,22
Jan 25, 2021;55,44
Jan 26, 2021;55,26
Jan 27, 2021;55,07
Jan 28, 2021;54,87
Jan 29, 2021;55,25
Feb 01, 2021;56,42
Feb 02, 2021;57,62
Feb 03, 2021;58,61
Feb 04, 2021;58,98
Feb 05, 2021;59,48
Feb 08, 2021;60,17
Feb 09, 2021;60,74
Feb 10, 2021;61,17
Feb 11, 2021;61,09
Feb 12, 2021;62,47
Feb 15, 2021;63,58
Feb 16, 2021;63,96
Feb 17, 2021;65,02
Feb 18, 2021;64,09
Feb 19, 2021;62,84
Feb 22, 2021;64,73
Feb 23, 2021;65,16
Feb 24, 2021;66,85
Feb 25, 2021;66,69
Feb 26, 2021;65,86
Mar 01, 2021;64,56
Mar 02, 2021;63,17
Mar 03, 2021;64,7
Mar 04, 2021;67,32
Mar 05, 2021;69,95
Mar 08, 2021;68
Mar 09, 2021;67,03
Mar 10, 2021;67,53
Mar 11, 2021;69,34
Mar 12, 2021;68,87
Mar 15, 2021;68,78
Mar 16, 2021;67,95
Mar 17, 2021;67,73
Mar 18, 2021;62,11
Mar 19, 2021;64
Mar 22, 2021;63,89
Mar 23, 2021;59,96
Mar 24, 2021;63,7
Mar 25, 2021;61,21
Mar 26, 2021;63,77
Mar 29, 2021;64,06
Mar 30, 2021;63,28
Mar 31, 2021;63,52
Apr 01, 2021;63,85
Apr 06, 2021;61,47
Apr 07, 2021;61,86
Apr 08, 2021;62,09
Apr 09, 2021;61,89
Apr 12, 2021;62,38
Apr 13, 2021;62,83
Apr 14, 2021;66,11
Apr 15, 2021;66,13
Apr 16, 2021;65,98
Apr 19, 2021;66,54
Apr 20, 2021;65,34
Apr 21, 2021;64,02
Apr 22, 2021;65,07
Apr 23, 2021;65,75
Apr 26, 2021;65,5
Apr 27, 2021;66,25
Apr 28, 2021;67,08
Apr 29, 2021;68,26
Apr 30, 2021;67,73
May 04, 2021;68,91
May 05, 2021;69,71
May 06, 2021;68,62
May 07, 2021;68,73
May 10, 2021;68,61
May 11, 2021;68,83
May 12, 2021;69,62
May 13, 2021;67,36
May 14, 2021;69,24
May 17, 2021;69,62
May 18, 2021;69,01
May 19, 2021;66,88
May 20, 2021;65,18
May 21, 2021;66,72
May 24, 2021;68,59
May 25, 2021;68,8
May 26, 2021;68,93
May 27, 2021;69,43
May 28, 2021;69,36
Jun 01, 2021;70,03
Jun 02, 2021;70,6
Jun 03, 2021;70,71
Jun 04, 2021;71,3
Jun 07, 2021;70,89
Jun 08, 2021;71,39
Jun 09, 2021;71,31
Jun 10, 2021;71,65
Jun 11, 2021;72,05
Jun 14, 2021;72,27
Jun 15, 2021;73,38
Jun 16, 2021;73,88
Jun 17, 2021;72,92
Jun 18, 2021;73,1
Jun 21, 2021;74,49
Jun 22, 2021;74,92
Jun 23, 2021;75,22
Jun 24, 2021;75,95
Jun 25, 2021;76,45
Jun 28, 2021;74,78
Jun 29, 2021;75,38
Jun 30, 2021;76,94
Jul 01, 2021;76,69
Jul 02, 2021;77,51
Jul 05, 2021;78,34
Jul 06, 2021;75,81
Jul 07, 2021;74,31
Jul 08, 2021;75,07
Jul 09, 2021;77,14
Jul 12, 2021;76,77
Jul 13, 2021;77,5
Jul 14, 2021;75,74
Jul 15, 2021;74,53
Jul 16, 2021;74,46
Jul 19, 2021;69,33
Jul 20, 2021;70,03
Jul 21, 2021;72,54
Jul 22, 2021;74,25
Jul 23, 2021;74,86
Jul 26, 2021;74,79
Jul 27, 2021;74,87
Jul 28, 2021;75,09
Jul 29, 2021;76,3
Jul 30, 2021;77,72
Aug 02, 2021;73,91
Aug 03, 2021;73,24
Aug 04, 2021;70,99
Aug 05, 2021;72,14
Aug 06, 2021;71,02
Aug 09, 2021;69,65
Aug 10, 2021;71,14
Aug 11, 2021;71,99
Aug 12, 2021;71,79
Aug 13, 2021;70,9
Aug 16, 2021;70,07
Aug 17, 2021;69,4
Aug 18, 2021;68,61
Aug 19, 2021;66,8
Aug 20, 2021;65,51
Aug 23, 2021;69,07
Aug 24, 2021;71,21
Aug 25, 2021;72,12
Aug 26, 2021;70,42
Aug 27, 2021;72,26
Aug 31, 2021;73,45
Sep 01, 2021;71,99
Sep 02, 2021;73,56
Sep 03, 2021;73,07
Sep 06, 2021;72,43
Sep 07, 2021;71,52
Sep 08, 2021;72,36
Sep 09, 2021;71,32
Sep 10, 2021;72,44
Sep 13, 2021;72,97
Sep 14, 2021;73,05
Sep 15, 2021;74,84
Sep 16, 2021;75,14
Sep 17, 2021;74,64
Sep 20, 2021;73,59
Sep 21, 2021;73,65
Sep 22, 2021;75,5
Sep 23, 2021;76,44
Sep 24, 2021;77,42
Sep 27, 2021;78,85
Sep 28, 2021;78,3
Sep 29, 2021;77,86
Sep 30, 2021;77,81
Oct 01, 2021;79,4
Oct 04, 2021;81,44
Oct 05, 2021;82,72
Oct 06, 2021;81,39
Oct 07, 2021;82,34
Oct 08, 2021;82,17
Oct 11, 2021;83,75
Oct 12, 2021;83,53
Oct 13, 2021;83,53
Oct 14, 2021;83,86
Oct 15, 2021;84,67
Oct 18, 2021;84,13
Oct 19, 2021;85,02
Oct 20, 2021;85,76
Oct 21, 2021;84,58
Oct 22, 2021;85,43
Oct 25, 2021;84,85
Oct 26, 2021;85,11
Oct 27, 2021;84,12
Oct 28, 2021;83,4
Oct 29, 2021;83,1
Nov 01, 2021;84,51
Nov 02, 2021;84,42
Nov 03, 2021;81,1
Nov 04, 2021;80,15
Nov 05, 2021;82,43
Nov 08, 2021;83,22
Nov 09, 2021;84,52
Nov 10, 2021;82,91
Nov 11, 2021;83,4
Nov 12, 2021;82,9
Nov 15, 2021;81,94
Nov 16, 2021;82,85
Nov 17, 2021;80,67
Nov 18, 2021;82,45
Nov 19, 2021;80,24
Nov 22, 2021;80,97
Nov 23, 2021;83,43
Nov 24, 2021;82,37
Nov 25, 2021;82,05
Nov 26, 2021;72,37
Nov 29, 2021;73,34
Nov 30, 2021;70,86
Dec 01, 2021;69,53
Dec 02, 2021;70,56
Dec 03, 2021;70,71
Dec 06, 2021;73,38
Dec 07, 2021;75,54
Dec 08, 2021;75,94
Dec 09, 2021;74,1
Dec 10, 2021;74,98
Dec 13, 2021;74,12
Dec 14, 2021;73,37
Dec 15, 2021;73,71
Dec 16, 2021;74,64
Dec 17, 2021;72,97
Dec 20, 2021;70,51
Dec 21, 2021;72,85
Dec 22, 2021;74,69
Dec 23, 2021;76,26
Dec 24, 2021;75,24
Dec 29, 2021;78,63
Dec 30, 2021;78,61
Dec 31, 2021;77,24
Jan 03, 2022;78,25
Jan 04, 2022;79,39
Jan 05, 2022;80,6
Jan 06, 2022;81,99
Jan 07, 2022;82,28
Jan 10, 2022;81,56
Jan 11, 2022;84,98
Jan 12, 2022;85,83
Jan 13, 2022;85,8
Jan 14, 2022;87,17
Jan 17, 2022;87,82
Jan 18, 2022;88,83
Jan 19, 2022;89,64
Jan 20, 2022;89,75
Jan 21, 2022;89,75
Jan 24, 2022;87,74
Jan 25, 2022;89,49
Jan 26, 2022;91,22
Jan 27, 2022;90,7
Jan 28, 2022;91,47
Jan 31, 2022;92,35
Feb 01, 2022;90,24
Feb 02, 2022;91,43
Feb 03, 2022;92,99
Feb 04, 2022;96,86
Feb 07, 2022;97,28
Feb 08, 2022;96,07
Feb 09, 2022;94,95
Feb 10, 2022;96,37
Feb 11, 2022;97,5
Feb 14, 2022;101,66
Feb 15, 2022;98,43
Feb 16, 2022;97,44
Feb 17, 2022;95,28
Feb 18, 2022;96,18
Feb 21, 2022;98,95
Feb 22, 2022;98,73
Feb 23, 2022;99,29
Feb 24, 2022;101,29
Feb 25, 2022;98,56
Feb 28, 2022;103,08
Mar 01, 2022;110,93
Mar 02, 2022;118,94
Mar 03, 2022;115,36
Mar 04, 2022;123,86
Mar 07, 2022;129,02
Mar 08, 2022;133,18
Mar 09, 2022;116,58
Mar 10, 2022;114,54
Mar 11, 2022;118,11
Mar 14, 2022;110,39
Mar 15, 2022;105,14
Mar 16, 2022;104,61
Mar 17, 2022;113,5
Mar 18, 2022;114,32
Mar 21, 2022;122,29
Mar 22, 2022;121,53
Mar 23, 2022;127,52
Mar 24, 2022;123,98
Mar 25, 2022;122,67
Mar 28, 2022;114,5
Mar 29, 2022;112,79
Mar 30, 2022;115,59
Mar 31, 2022;107,29
Apr 01, 2022;106,13
Apr 04, 2022;108,15
Apr 05, 2022;106,6
Apr 06, 2022;100,81
Apr 07, 2022;99,83
Apr 08, 2022;101,26
Apr 11, 2022;97,92
Apr 12, 2022;104,42
Apr 13, 2022;108,49
Apr 14, 2022;110,83
Apr 19, 2022;105,49
Apr 20, 2022;105,05
Apr 21, 2022;107,2
Apr 22, 2022;105,15
Apr 25, 2022;99,27
Apr 26, 2022;102,89
Apr 27, 2022;103,3
Apr 28, 2022;105,78
Apr 29, 2022;108,36
May 03, 2022;104,94
May 04, 2022;110,53
May 05, 2022;112,11
May 06, 2022;113,86
May 09, 2022;106,67
May 10, 2022;102,61
May 11, 2022;107,7
May 12, 2022;108,06
May 13, 2022;112,12
May 16, 2022;114,86
May 17, 2022;112,89
May 18, 2022;110,04
May 19, 2022;113,22
May 20, 2022;113,63
May 23, 2022;115,13
May 24, 2022;115,77
May 25, 2022;116,41
May 26, 2022;119,81
May 27, 2022;121,19
May 30, 2022;123,01
May 31, 2022;125,53
Jun 01, 2022;122,2
Jun 03, 2022;125,68
Jun 06, 2022;124,99
Jun 07, 2022;126,89
Jun 08, 2022;129,2
Jun 09, 2022;128,47
Jun 10, 2022;127,44
Jun 13, 2022;128,44
Jun 14, 2022;127,02
Jun 15, 2022;124,96
Jun 16, 2022;125,78
Jun 17, 2022;119,22
Jun 20, 2022;118,25
Jun 21, 2022;118,51
Jun 22, 2022;115,54
Jun 23, 2022;114,5
Jun 24, 2022;117,36
Jun 27, 2022;119,69
Jun 28, 2022;122,21
Jun 29, 2022;120,8
Jun 30, 2022;119,78
Jul 01, 2022;119,21
Jul 04, 2022;121,8
Jul 05, 2022;110,49
Jul 06, 2022;108,54
Jul 07, 2022;113,4
Jul 08, 2022;113,95
Jul 11, 2022;114,85
Jul 12, 2022;106,98
Jul 13, 2022;107,17
Jul 14, 2022;107,74
Jul 15, 2022;112,26
Jul 18, 2022;117,27
Jul 19, 2022;114,96
Jul 20, 2022;115,86
Jul 21, 2022;112,81
Jul 22, 2022;106,77
Jul 25, 2022;108,23
Jul 26, 2022;107,32
Jul 27, 2022;109,64
Jul 28, 2022;109,68
Jul 29, 2022;111,51
Aug 01, 2022;106,09
Aug 02, 2022;106,51
Aug 03, 2022;101,82
Aug 04, 2022;97,99
Aug 05, 2022;100,31
Aug 08, 2022;103,46
Aug 09, 2022;103,81
Aug 10, 2022;105,06
Aug 11, 2022;107,19
Aug 12, 2022;103,7
Aug 15, 2022;98,25
Aug 16, 2022;95,36
Aug 17, 2022;97,22
Aug 18, 2022;96,35
Aug 19, 2022;96,45
Aug 22, 2022;95,06
Aug 23, 2022;99,49
Aug 24, 2022;99,87
Aug 25, 2022;98,81
Aug 26, 2022;101,13
Aug 30, 2022;99,34
Aug 31, 2022;96,55
Sep 01, 2022;92,24
Sep 02, 2022;93,09
Sep 05, 2022;94,22
Sep 06, 2022;91,43
Sep 07, 2022;86,83
Sep 08, 2022;87,99
Sep 09, 2022;91,68
Sep 12, 2022;93,45
Sep 13, 2022;92,04
Sep 14, 2022;92,83
Sep 15, 2022;89,28
Sep 16, 2022;89,43
Sep 20, 2022;89,62
Sep 21, 2022;89,86
Sep 22, 2022;90,4
Sep 23, 2022;84,29
Sep 26, 2022;82,55
Sep 27, 2022;85,97
Sep 28, 2022;89,55
Sep 29, 2022;89,41
Sep 30, 2022;88,9
Oct 03, 2022;90,68
Oct 04, 2022;93,74
Oct 05, 2022;94,35
Oct 06, 2022;95,65
Oct 07, 2022;98,88
Oct 10, 2022;97,13
Oct 11, 2022;95,17
Oct 12, 2022;93,44
Oct 13, 2022;95,16
Oct 14, 2022;92,22
Oct 17, 2022;91,04
Oct 18, 2022;89,46
Oct 19, 2022;91,34
Oct 20, 2022;91,52
Oct 21, 2022;91,82
Oct 24, 2022;91,57
Oct 25, 2022;91,76
Oct 26, 2022;92,93
Oct 27, 2022;94,17
Oct 28, 2022;94,64
Oct 31, 2022;93,3
Nov 01, 2022;95,12
Nov 02, 2022;96,07
Nov 03, 2022;95,29
Nov 04, 2022;99,53
Nov 07, 2022;99,87
Nov 08, 2022;96,85
Nov 09, 2022;93,05
Nov 10, 2022;94,25
Nov 11, 2022;96,37
Nov 14, 2022;93,59
Nov 15, 2022;94,3
Nov 16, 2022;92,61
Nov 17, 2022;91
Nov 18, 2022;88,93
Nov 21, 2022;88,44
Nov 22, 2022;88,65
Nov 23, 2022;85,9
Nov 24, 2022;85,59
Nov 25, 2022;83,4
Nov 28, 2022;83,5
Nov 29, 2022;83,22
Nov 30, 2022;85,61
Dec 01, 2022;86,28
Dec 02, 2022;86,54
Dec 05, 2022;83,36
Dec 06, 2022;79,92
Dec 07, 2022;77,11
Dec 08, 2022;76,02
Dec 09, 2022;76,37
Dec 12, 2022;78
Dec 13, 2022;80,14
Dec 14, 2022;83,33
Dec 15, 2022;82,34
Dec 16, 2022;80,2
Dec 19, 2022;81,66
Dec 20, 2022;79,45
Dec 21, 2022;80,25
Dec 22, 2022;79,58
Dec 23, 2022;82,45
Dec 28, 2022;81,7
Dec 29, 2022;80,96
Dec 30, 2022;82,82
Jan 03, 2023;80,36
Jan 04, 2023;75,31
Jan 05, 2023;76,73
Jan 06, 2023;76,41
Jan 09, 2023;77,5
Jan 10, 2023;78,4
Jan 11, 2023;81,11
Jan 12, 2023;82,59
Jan 13, 2023;83,43
Jan 16, 2023;82,65
Jan 17, 2023;84,38
Jan 18, 2023;83,78
Jan 19, 2023;85,08
Jan 20, 2023;86,96
Jan 23, 2023;87,54
Jan 24, 2023;85,25
Jan 25, 2023;85,08
Jan 26, 2023;86,29
Jan 27, 2023;85,36
Jan 30, 2023;84,9
Jan 31, 2023;83,42
Feb 01, 2023;81,61
Feb 02, 2023;80,57
Feb 03, 2023;78,85
Feb 06, 2023;80,48
Feb 07, 2023;82,92
Feb 08, 2023;84,17
Feb 09, 2023;83,46
Feb 10, 2023;85,46
Feb 13, 2023;85,98
Feb 14, 2023;84,96
Feb 15, 2023;84,11
Feb 16, 2023;83,84
Feb 17, 2023;81,97
Feb 20, 2023;82,79
Feb 21, 2023;82,14
Feb 22, 2023;79,55
Feb 23, 2023;82,08
Feb 24, 2023;82,31
Feb 27, 2023;81,24
Feb 28, 2023;83,21
Mar 01, 2023;83,68
Mar 02, 2023;84,15
Mar 03, 2023;85,74
Mar 06, 2023;85,86
Mar 07, 2023;83,03
Mar 08, 2023;82,1
Mar 09, 2023;81
Mar 10, 2023;82,3
Mar 13, 2023;79,67
Mar 14, 2023;76,77
Mar 15, 2023;74,3
Mar 16, 2023;73,12
Mar 17, 2023;71,03
Mar 20, 2023;72,42
Mar 21, 2023;74,78
Mar 22, 2023;76,08
Mar 23, 2023;74,31
Mar 24, 2023;73,63
Mar 27, 2023;76,8
Mar 28, 2023;78,07
Mar 29, 2023;77,51
Mar 30, 2023;78,45
Mar 31, 2023;79,19
Apr 03, 2023;85,81
Apr 04, 2023;85,7
Apr 05, 2023;85,89
Apr 06, 2023;86,56
Apr 11, 2023;87,32
Apr 12, 2023;88,31
Apr 13, 2023;86,51
Apr 14, 2023;87,31
Apr 17, 2023;85,63
Apr 18, 2023;85,48
Apr 19, 2023;85,34
Apr 20, 2023;83,29
Apr 21, 2023;83,36
Apr 24, 2023;84,23
Apr 25, 2023;82,13
Apr 26, 2023;79,19
Apr 27, 2023;80,11
Apr 28, 2023;81,32
May 02, 2023;76,71
May 03, 2023;72,91
May 04, 2023;73
May 05, 2023;75,85
May 09, 2023;77,76
May 10, 2023;76,7
May 11, 2023;75,32
May 12, 2023;74,54
May 15, 2023;75,46
May 16, 2023;75,15
May 17, 2023;76,98
May 18, 2023;75,75
May 19, 2023;75,42
May 22, 2023;75,77
May 23, 2023;76,66
May 24, 2023;77,99
May 25, 2023;75,66
May 26, 2023;76,33
May 30, 2023;73,38
May 31, 2023;71,98
Jun 01, 2023;74,18
Jun 02, 2023;76
Jun 05, 2023;76,61
Jun 06, 2023;76,22
Jun 07, 2023;76,85
Jun 08, 2023;75,88
Jun 09, 2023;74,74
Jun 12, 2023;71,8
Jun 13, 2023;74,24
Jun 14, 2023;73,39
Jun 15, 2023;75,75
Jun 16, 2023;76,76
Jun 19, 2023;76,09
Jun 20, 2023;75,79
Jun 21, 2023;76,92
Jun 22, 2023;73,93
Jun 23, 2023;73,56
Jun 26, 2023;73,86
Jun 27, 2023;71,88
Jun 28, 2023;73,64
Jun 29, 2023;73,86
Jun 30, 2023;74,51
Jul 03, 2023;74,52
Jul 04, 2023;76,23
Jul 05, 2023;76,74
Jul 06, 2023;76,72
Jul 07, 2023;78,77
Jul 10, 2023;77,83
Jul 11, 2023;79,54
Jul 12, 2023;80,35
Jul 13, 2023;81,31
Jul 14, 2023;79,9
Jul 17, 2023;77,8
Jul 18, 2023;79,54
Jul 19, 2023;79,38
Jul 20, 2023;79,62
Jul 21, 2023;81,06
Jul 24, 2023;82,53
Jul 25, 2023;83,46
Jul 26, 2023;82,98
Jul 27, 2023;84,28
Jul 28, 2023;84,49
Jul 31, 2023;85,22
Aug 01, 2023;85,34
Aug 02, 2023;84,01
Aug 03, 2023;86,19
Aug 04, 2023;87,38
Aug 07, 2023;86,47
Aug 08, 2023;88
Aug 09, 2023;89,31
Aug 10, 2023;87,44
Aug 11, 2023;87,93
Aug 14, 2023;87,4
Aug 15, 2023;86,28
Aug 16, 2023;84,49
Aug 17, 2023;85,24
Aug 18, 2023;85,92
Aug 21, 2023;85,44
Aug 22, 2023;84,7
Aug 23, 2023;83,94
Aug 24, 2023;84,07
Aug 25, 2023;85,42
Aug 29, 2023;86,37
Aug 30, 2023;86,62
Aug 31, 2023;87,29
Sep 01, 2023;89,98
Sep 04, 2023;90,42
Sep 05, 2023;91,25
Sep 06, 2023;91,79
Sep 07, 2023;91,16
Sep 08, 2023;91,85
Sep 11, 2023;91,97
Sep 12, 2023;93,58
Sep 13, 2023;93,04
Sep 14, 2023;95,2
Sep 15, 2023;95,55
Sep 18, 2023;95,95
Sep 19, 2023;96,11
Sep 20, 2023;94,56
Sep 21, 2023;93,7
Sep 22, 2023;93,99
Sep 25, 2023;94,01
Sep 26, 2023;94,46
Sep 27, 2023;97,1
Sep 28, 2023;96,64
Sep 29, 2023;95,86
Oct 02, 2023;91,21
Oct 03, 2023;94,46
Oct 04, 2023;89,83
Oct 05, 2023;88,28
Oct 06, 2023;87,86
Oct 09, 2023;91,37
Oct 10, 2023;90,7
Oct 11, 2023;87,58
Oct 12, 2023;88,4
Oct 13, 2023;94,33
Oct 16, 2023;90,99
Oct 17, 2023;92,52
Oct 18, 2023;91,99
Oct 19, 2023;93,12
Oct 20, 2023;93,72
Oct 23, 2023;91,88
Oct 24, 2023;88
Oct 25, 2023;90,14
Oct 26, 2023;88,45
Oct 27, 2023;90,73
Oct 30, 2023;90,73
Oct 31, 2023;86,82
Nov 01, 2023;86,92
Nov 02, 2023;89,02
Nov 03, 2023;87,55
Nov 06, 2023;87,31
Nov 07, 2023;83,43
Nov 08, 2023;81,46
Nov 09, 2023;81,74
Nov 10, 2023;83,66
Nov 13, 2023;84,09
Nov 14, 2023;84,2
Nov 15, 2023;82,4
Nov 16, 2023;77,73
Nov 17, 2023;81,22
Nov 20, 2023;83,25
Nov 21, 2023;82,42
Nov 22, 2023;81,76
Nov 23, 2023;80,85
Nov 24, 2023;79,82
Nov 27, 2023;79,49
Nov 28, 2023;81,66
Nov 29, 2023;82,98
Nov 30, 2023;81,72
Dec 01, 2023;78,72
Dec 04, 2023;78,16
Dec 05, 2023;77,27
Dec 06, 2023;74,33
Dec 07, 2023;74,21
Dec 08, 2023;75,94
Dec 11, 2023;75,75
Dec 12, 2023;74,11
Dec 13, 2023;74,14
Dec 14, 2023;77,05
Dec 15, 2023;76,84
Dec 18, 2023;78,89
Dec 19, 2023;79,82
Dec 20, 2023;81,1
Dec 21, 2023;80,73
Dec 22, 2023;80,23
Dec 27, 2023;80,97
Dec 28, 2023;79,04
Dec 29, 2023;77,69
Jan 02, 2024;76,24
Jan 03, 2024;77,18
Jan 04, 2024;75,79
Jan 05, 2024;78,31
Jan 08, 2024;75,47
Jan 09, 2024;77,97
Jan 10, 2024;78,46
Jan 11, 2024;80,21
Jan 12, 2024;79,89
Jan 15, 2024;79,76
Jan 16, 2024;80,15
Jan 17, 2024;78,88
Jan 18, 2024;81,04
Jan 19, 2024;80,71
Jan 22, 2024;81,7
Jan 23, 2024;82,04
Jan 24, 2024;82,15
Jan 25, 2024;82,33
Jan 26, 2024;83,34
Jan 29, 2024;83,99
